Workbook
Name Slicer_Admission_Type: #N/A
Name Slicer_City: #N/A
Name Slicer_Department_Name: #N/A
Name Slicer_Doctor_Name1: #N/A
Name Slicer_Insurance: #N/A

Sheet Pivot1
A3: Doctor Name | B3: Sum of Bill_Amount
A4: Dr Iyer | B4: 38000
A5: Dr Khan | B5: 15200
A6: Dr Mehta | B6: 25200
A7: Dr Rao | B7: 36000
A8: Dr Sharma | B8: 31500
A9: Grand Total | B9: 145900

Sheet Pivot2
A3: Department Name | B3: Sum of Bill_Amount
A4: Cardiology | B4: 31500
A5: General | B5: 15200
A6: Neurology | B6: 36000
A7: Orthopedics | B7: 25200
A8: Surgery | B8: 38000
A9: Grand Total | B9: 145900

Sheet Pivot3
A3: Insurance | B3: Count of Patient_ID
A4: No | B4: 40
A5: Yes | B5: 60
A6: Grand Total | B6: 100

Sheet Pivot4
A3: Admission_Type | B3: Sum of Bill_Amount
A4: IPD | B4: 72200
A5: OPD | B5: 73700
A6: Grand Total | B6: 145900

Sheet Dashboard
A1: KPI
A2: Total Revenue | B2: =SUM(Patient_Data!E:E) -> 145900
A3: Total Patient | B3: =COUNTA(Patient_Data!A:A) -> 101
A4: Insured Patient | B4: =COUNTIF(Patient_Data!F:F,"Yes") -> 60
A5: Uninsured Patient | B5: =COUNTIF(Patient_Data!F:F,"No") -> 40
A6: Average Bill Value | B6: =AVERAGE(Patient_Data!E:E) -> 1459
A7: OPD Revenue | B7: =SUMIFS(Patient_Data!E:E,Patient_Data!H:H,"OPD") -> 73700
A8: IPD Revenue | B8: =SUMIFS(Patient_Data!E:E,Patient_Data!H:H,"IPD") -> 72200

Sheet Patient_Data
A1: Patient_ID | B1: Visit_Date | C1: Dept_ID | D1: Doctor_ID | E1: Bill_Amount | F1: Insurance | G1: Payment_Mode | H1: Admission_Type | I1: City | J1: Age | K1: Department Name | L1: Doctor Name | M1: Consultation Fee
A2: P001 | B2: 45658 | C2: DEP01 | D2: D01 | E2: 1500 | F2: Yes | G2: Cash | H2: OPD | I2: Delhi | J2: 45 | K2: =_xlfn.XLOOKUP(C2,Department_Master!A:A,Department_Master!B:B) -> Cardiology | L2: =_xlfn.XLOOKUP(D2,Doctor_Master!A:A,Doctor_Master!B:B) -> Dr Sharma | M2: =_xlfn.XLOOKUP(D2,Doctor_Master!A:A,Doctor_Master!D:D) -> 1500
A3: P002 | B3: 45658 | C3: DEP02 | D3: D02 | E3: 1200 | F3: No | G3: UPI | H3: OPD | I3: Mumbai | J3: 32 | K3: =_xlfn.XLOOKUP(C3,Department_Master!A:A,Department_Master!B:B) -> Orthopedics | L3: =_xlfn.XLOOKUP(D3,Doctor_Master!A:A,Doctor_Master!B:B) -> Dr Mehta | M3: =_xlfn.XLOOKUP(D3,Doctor_Master!A:A,Doctor_Master!D:D) -> 1200
A4: P003 | B4: 45658 | C4: DEP03 | D4: D03 | E4: 1800 | F4: Yes | G4: Card | H4: OPD | I4: Chennai | J4: 56 | K4: =_xlfn.XLOOKUP(C4,Department_Master!A:A,Department_Master!B:B) -> Neurology | L4: =_xlfn.XLOOKUP(D4,Doctor_Master!A:A,Doctor_Master!B:B) -> Dr Rao | M4: =_xlfn.XLOOKUP(D4,Doctor_Master!A:A,Doctor_Master!D:D) -> 1800
A5: P004 | B5: 45689 | C5: DEP01 | D5: D01 | E5: 1500 | F5: No | G5: Cash | H5: OPD | I5: Delhi | J5: 40 | K5: =_xlfn.XLOOKUP(C5,Department_Master!A:A,Department_Master!B:B) -> Cardiology | L5: =_xlfn.XLOOKUP(D5,Doctor_Master!A:A,Doctor_Master!B:B) -> Dr Sharma | M5: =_xlfn.XLOOKUP(D5,Doctor_Master!A:A,Doctor_Master!D:D) -> 1500
A6: P005 | B6: 45689 | C6: DEP04 | D6: D04 | E6: 800 | F6: Yes | G6: Card | H6: OPD | I6: Pune | J6: 28 | K6: =_xlfn.XLOOKUP(C6,Department_Master!A:A,Department_Master!B:B) -> General | L6: =_xlfn.XLOOKUP(D6,Doctor_Master!A:A,Doctor_Master!B:B) -> Dr Khan | M6: =_xlfn.XLOOKUP(D6,Doctor_Master!A:A,Doctor_Master!D:D) -> 800
A7: P006 | B7: 45689 | C7: DEP02 | D7: D02 | E7: 1200 | F7: Yes | G7: UPI | H7: OPD | I7: Mumbai | J7: 36 | K7: =_xlfn.XLOOKUP(C7,Department_Master!A:A,Department_Master!B:B) -> Orthopedics | L7: =_xlfn.XLOOKUP(D7,Doctor_Master!A:A,Doctor_Master!B:B) -> Dr Mehta | M7: =_xlfn.XLOOKUP(D7,Doctor_Master!A:A,Doctor_Master!D:D) -> 1200
A8: P007 | B8: 45717 | C8: DEP03 | D8: D03 | E8: 1800 | F8: No | G8: Cash | H8: IPD | I8: Chennai | J8: 62 | K8: =_xlfn.XLOOKUP(C8,Department_Master!A:A,Department_Master!B:B) -> Neurology | L8: =_xlfn.XLOOKUP(D8,Doctor_Master!A:A,Doctor_Master!B:B) -> Dr Rao | M8: =_xlfn.XLOOKUP(D8,Doctor_Master!A:A,Doctor_Master!D:D) -> 1800
A9: P008 | B9: 45717 | C9: DEP05 | D9: D05 | E9: 2000 | F9: Yes | G9: Card | H9: IPD | I9: Hyderabad | J9: 51 | K9: =_xlfn.XLOOKUP(C9,Department_Master!A:A,Department_Master!B:B) -> Surgery | L9: =_xlfn.XLOOKUP(D9,Doctor_Master!A:A,Doctor_Master!B:B) -> Dr Iyer | M9: =_xlfn.XLOOKUP(D9,Doctor_Master!A:A,Doctor_Master!D:D) -> 2000
A10: P009 | B10: 45717 | C10: DEP01 | D10: D01 | E10: 1500 | F10: No | G10: Cash | H10: OPD | I10: Delhi | J10: 47 | K10: =_xlfn.XLOOKUP(C10,Department_Master!A:A,Department_Master!B:B) -> Cardiology | L10: =_xlfn.XLOOKUP(D10,Doctor_Master!A:A,Doctor_Master!B:B) -> Dr Sharma | M10: =_xlfn.XLOOKUP(D10,Doctor_Master!A:A,Doctor_Master!D:D) -> 1500
A11: P010 | B11: 45748 | C11: DEP02 | D11: D02 | E11: 1200 | F11: Yes | G11: UPI | H11: OPD | I11: Mumbai | J11: 34 | K11: =_xlfn.XLOOKUP(C11,Department_Master!A:A,Department_Master!B:B) -> Orthopedics | L11: =_xlfn.XLOOKUP(D11,Doctor_Master!A:A,Doctor_Master!B:B) -> Dr Mehta | M11: =_xlfn.XLOOKUP(D11,Doctor_Master!A:A,Doctor_Master!D:D) -> 1200
A12: P011 | B12: 45748 | C12: DEP03 | D12: D03 | E12: 1800 | F12: Yes | G12: Card | H12: IPD | I12: Chennai | J12: 59 | K12: =_xlfn.XLOOKUP(C12,Department_Master!A:A,Department_Master!B:B) -> Neurology | L12: =_xlfn.XLOOKUP(D12,Doctor_Master!A:A,Doctor_Master!B:B) -> Dr Rao | M12: =_xlfn.XLOOKUP(D12,Doctor_Master!A:A,Doctor_Master!D:D) -> 1800
A13: P012 | B13: 45748 | C13: DEP04 | D13: D04 | E13: 800 | F13: No | G13: Cash | H13: OPD | I13: Pune | J13: 26 | K13: =_xlfn.XLOOKUP(C13,Department_Master!A:A,Department_Master!B:B) -> General | L13: =_xlfn.XLOOKUP(D13,Doctor_Master!A:A,Doctor_Master!B:B) -> Dr Khan | M13: =_xlfn.XLOOKUP(D13,Doctor_Master!A:A,Doctor_Master!D:D) -> 800
... A37: P036 | B37: 45992 | C37: DEP03 | D37: D03 | E37: 1800 | F37: Yes | G37: Card | H37: IPD | I37: Chennai | J37: 63 | K37: =_xlfn.XLOOKUP(C37,Department_Master!A:A,Department_Master!B:B) -> Neurology | L37: =_xlfn.XLOOKUP(D37,Doctor_Master!A:A,Doctor_Master!B:B) -> Dr Rao | M37: =_xlfn.XLOOKUP(D37,Doctor_Master!A:A,Doctor_Master!D:D) -> 1800
A38: P037 | B38: 13-01-2025 | C38: DEP04 | D38: D04 | E38: 800 | F38: No | G38: UPI | H38: OPD | I38: Pune | J38: 29 | K38: =_xlfn.XLOOKUP(C38,Department_Master!A:A,Department_Master!B:B) -> General | L38: =_xlfn.XLOOKUP(D38,Doctor_Master!A:A,Doctor_Master!B:B) -> Dr Khan | M38: =_xlfn.XLOOKUP(D38,Doctor_Master!A:A,Doctor_Master!D:D) -> 800
A39: P038 | B39: 13-01-2025 | C39: DEP05 | D39: D05 | E39: 2000 | F39: Yes | G39: Card | H39: IPD | I39: Hyderabad | J39: 53 | K39: =_xlfn.XLOOKUP(C39,Department_Master!A:A,Department_Master!B:B) -> Surgery | L39: =_xlfn.XLOOKUP(D39,Doctor_Master!A:A,Doctor_Master!B:B) -> Dr Iyer | M39: =_xlfn.XLOOKUP(D39,Doctor_Master!A:A,Doctor_Master!D:D) -> 2000
A40: P039 | B40: 13-01-2025 | C40: DEP01 | D40: D01 | E40: 1500 | F40: Yes | G40: Cash | H40: OPD | I40: Delhi | J40: 43 | K40: =_xlfn.XLOOKUP(C40,Department_Master!A:A,Department_Master!B:B) -> Cardiology | L40: =_xlfn.XLOOKUP(D40,Doctor_Master!A:A,Doctor_Master!B:B) -> Dr Sharma | M40: =_xlfn.XLOOKUP(D40,Doctor_Master!A:A,Doctor_Master!D:D) -> 1500
A41: P040 | B41: 14-01-2025 | C41: DEP02 | D41: D02 | E41: 1200 | F41: No | G41: UPI | H41: OPD | I41: Mumbai | J41: 35 | K41: =_xlfn.XLOOKUP(C41,Department_Master!A:A,Department_Master!B:B) -> Orthopedics | L41: =_xlfn.XLOOKUP(D41,Doctor_Master!A:A,Doctor_Master!B:B) -> Dr Mehta | M41: =_xlfn.XLOOKUP(D41,Doctor_Master!A:A,Doctor_Master!D:D) -> 1200
A42: P041 | B42: 14-01-2025 | C42: DEP03 | D42: D03 | E42: 1800 | F42: Yes | G42: Card | H42: IPD | I42: Chennai | J42: 58 | K42: =_xlfn.XLOOKUP(C42,Department_Master!A:A,Department_Master!B:B) -> Neurology | L42: =_xlfn.XLOOKUP(D42,Doctor_Master!A:A,Doctor_Master!B:B) -> Dr Rao | M42: =_xlfn.XLOOKUP(D42,Doctor_Master!A:A,Doctor_Master!D:D) -> 1800
A43: P042 | B43: 14-01-2025 | C43: DEP04 | D43: D04 | E43: 800 | F43: No | G43: Cash | H43: OPD | I43: Pune | J43: 28 | K43: =_xlfn.XLOOKUP(C43,Department_Master!A:A,Department_Master!B:B) -> General | L43: =_xlfn.XLOOKUP(D43,Doctor_Master!A:A,Doctor_Master!B:B) -> Dr Khan | M43: =_xlfn.XLOOKUP(D43,Doctor_Master!A:A,Doctor_Master!D:D) -> 800
A44: P043 | B44: 15-01-2025 | C44: DEP05 | D44: D05 | E44: 2000 | F44: Yes | G44: Card | H44: IPD | I44: Hyderabad | J44: 54 | K44: =_xlfn.XLOOKUP(C44,Department_Master!A:A,Department_Master!B:B) -> Surgery | L44: =_xlfn.XLOOKUP(D44,Doctor_Master!A:A,Doctor_Master!B:B) -> Dr Iyer | M44: =_xlfn.XLOOKUP(D44,Doctor_Master!A:A,Doctor_Master!D:D) -> 2000
A45: P044 | B45: 15-01-2025 | C45: DEP01 | D45: D01 | E45: 1500 | F45: No | G45: UPI | H45: OPD | I45: Delhi | J45: 46 | K45: =_xlfn.XLOOKUP(C45,Department_Master!A:A,Department_Master!B:B) -> Cardiology | L45: =_xlfn.XLOOKUP(D45,Doctor_Master!A:A,Doctor_Master!B:B) -> Dr Sharma | M45: =_xlfn.XLOOKUP(D45,Doctor_Master!A:A,Doctor_Master!D:D) -> 1500
A46: P045 | B46: 15-01-2025 | C46: DEP02 | D46: D02 | E46: 1200 | F46: Yes | G46: Cash | H46: OPD | I46: Mumbai | J46: 37 | K46: =_xlfn.XLOOKUP(C46,Department_Master!A:A,Department_Master!B:B) -> Orthopedics | L46: =_xlfn.XLOOKUP(D46,Doctor_Master!A:A,Doctor_Master!B:B) -> Dr Mehta | M46: =_xlfn.XLOOKUP(D46,Doctor_Master!A:A,Doctor_Master!D:D) -> 1200
A47: P046 | B47: 16-01-2025 | C47: DEP03 | D47: D03 | E47: 1800 | F47: Yes | G47: Card | H47: IPD | I47: Chennai | J47: 60 | K47: =_xlfn.XLOOKUP(C47,Department_Master!A:A,Department_Master!B:B) -> Neurology | L47: =_xlfn.XLOOKUP(D47,Doctor_Master!A:A,Doctor_Master!B:B) -> Dr Rao | M47: =_xlfn.XLOOKUP(D47,Doctor_Master!A:A,Doctor_Master!D:D) -> 1800
A48: P047 | B48: 16-01-2025 | C48: DEP04 | D48: D04 | E48: 800 | F48: No | G48: UPI | H48: OPD | I48: Pune | J48: 30 | K48: =_xlfn.XLOOKUP(C48,Department_Master!A:A,Department_Master!B:B) -> General | L48: =_xlfn.XLOOKUP(D48,Doctor_Master!A:A,Doctor_Master!B:B) -> Dr Khan | M48: =_xlfn.XLOOKUP(D48,Doctor_Master!A:A,Doctor_Master!D:D) -> 800
A49: P048 | B49: 16-01-2025 | C49: DEP05 | D49: D05 | E49: 2000 | F49: Yes | G49: Card | H49: IPD | I49: Hyderabad | J49: 51 | K49: =_xlfn.XLOOKUP(C49,Department_Master!A:A,Department_Master!B:B) -> Surgery | L49: =_xlfn.XLOOKUP(D49,Doctor_Master!A:A,Doctor_Master!B:B) -> Dr Iyer | M49: =_xlfn.XLOOKUP(D49,Doctor_Master!A:A,Doctor_Master!D:D) -> 2000
... A94: P093 | B94: 31-01-2025 | C94: DEP05 | D94: D05 | E94: 2000 | F94: Yes | G94: Card | H94: IPD | I94: Hyderabad | J94: 53 | K94: =_xlfn.XLOOKUP(C94,Department_Master!A:A,Department_Master!B:B) -> Surgery | L94: =_xlfn.XLOOKUP(D94,Doctor_Master!A:A,Doctor_Master!B:B) -> Dr Iyer | M94: =_xlfn.XLOOKUP(D94,Doctor_Master!A:A,Doctor_Master!D:D) -> 2000
A95: P094 | B95: 45659 | C95: DEP01 | D95: D01 | E95: 1500 | F95: No | G95: UPI | H95: OPD | I95: Delhi | J95: 46 | K95: =_xlfn.XLOOKUP(C95,Department_Master!A:A,Department_Master!B:B) -> Cardiology | L95: =_xlfn.XLOOKUP(D95,Doctor_Master!A:A,Doctor_Master!B:B) -> Dr Sharma | M95: =_xlfn.XLOOKUP(D95,Doctor_Master!A:A,Doctor_Master!D:D) -> 1500
A96: P095 | B96: 45659 | C96: DEP02 | D96: D02 | E96: 1200 | F96: Yes | G96: Cash | H96: OPD | I96: Mumbai | J96: 36 | K96: =_xlfn.XLOOKUP(C96,Department_Master!A:A,Department_Master!B:B) -> Orthopedics | L96: =_xlfn.XLOOKUP(D96,Doctor_Master!A:A,Doctor_Master!B:B) -> Dr Mehta | M96: =_xlfn.XLOOKUP(D96,Doctor_Master!A:A,Doctor_Master!D:D) -> 1200
A97: P096 | B97: 45659 | C97: DEP03 | D97: D03 | E97: 1800 | F97: Yes | G97: Card | H97: IPD | I97: Chennai | J97: 61 | K97: =_xlfn.XLOOKUP(C97,Department_Master!A:A,Department_Master!B:B) -> Neurology | L97: =_xlfn.XLOOKUP(D97,Doctor_Master!A:A,Doctor_Master!B:B) -> Dr Rao | M97: =_xlfn.XLOOKUP(D97,Doctor_Master!A:A,Doctor_Master!D:D) -> 1800
A98: P097 | B98: 45690 | C98: DEP04 | D98: D04 | E98: 800 | F98: No | G98: UPI | H98: OPD | I98: Pune | J98: 29 | K98: =_xlfn.XLOOKUP(C98,Department_Master!A:A,Department_Master!B:B) -> General | L98: =_xlfn.XLOOKUP(D98,Doctor_Master!A:A,Doctor_Master!B:B) -> Dr Khan | M98: =_xlfn.XLOOKUP(D98,Doctor_Master!A:A,Doctor_Master!D:D) -> 800
A99: P098 | B99: 45690 | C99: DEP05 | D99: D05 | E99: 2000 | F99: Yes | G99: Card | H99: IPD | I99: Hyderabad | J99: 54 | K99: =_xlfn.XLOOKUP(C99,Department_Master!A:A,Department_Master!B:B) -> Surgery | L99: =_xlfn.XLOOKUP(D99,Doctor_Master!A:A,Doctor_Master!B:B) -> Dr Iyer | M99: =_xlfn.XLOOKUP(D99,Doctor_Master!A:A,Doctor_Master!D:D) -> 2000
A100: P099 | B100: 45690 | C100: DEP01 | D100: D01 | E100: 1500 | F100: Yes | G100: Cash | H100: OPD | I100: Delhi | J100: 45 | K100: =_xlfn.XLOOKUP(C100,Department_Master!A:A,Department_Master!B:B) -> Cardiology | L100: =_xlfn.XLOOKUP(D100,Doctor_Master!A:A,Doctor_Master!B:B) -> Dr Sharma | M100: =_xlfn.XLOOKUP(D100,Doctor_Master!A:A,Doctor_Master!D:D) -> 1500
A101: P100 | B101: 45690 | C101: DEP02 | D101: D02 | E101: 1200 | F101: No | G101: UPI | H101: OPD | I101: Mumbai | J101: 34 | K101: =_xlfn.XLOOKUP(C101,Department_Master!A:A,Department_Master!B:B) -> Orthopedics | L101: =_xlfn.XLOOKUP(D101,Doctor_Master!A:A,Doctor_Master!B:B) -> Dr Mehta | M101: =_xlfn.XLOOKUP(D101,Doctor_Master!A:A,Doctor_Master!D:D) -> 1200

Sheet Department_Master
A1: Dept_ID | B1: Department_Name
A2: DEP01 | B2: Cardiology
A3: DEP02 | B3: Orthopedics
A4: DEP03 | B4: Neurology
A5: DEP04 | B5: General
A6: DEP05 | B6: Surgery

Sheet Doctor_Master
A1: Doctor_ID | B1: Doctor_Name | C1: Dept_ID | D1: Consultation_Fee
A2: D01 | B2: Dr Sharma | C2: DEP01 | D2: 1500
A3: D02 | B3: Dr Mehta | C3: DEP02 | D3: 1200
A4: D03 | B4: Dr Rao | C4: DEP03 | D4: 1800
A5: D04 | B5: Dr Khan | C5: DEP04 | D5: 800
A6: D05 | B6: Dr Iyer | C6: DEP05 | D6: 2000
